{
  "version": 2,
  "name": "page-snapshots-hosting",
  "builds": [
    {
      "src": "**/*",
      "use": "@vercel/static"
    }
  ],
  "routes": [
    {
      "src": "/(.*)",
      "dest": "/$1"
    }
  ],
  "headers": [
    {
      "source": "/(.*)",
      "headers": [
        {
          "key": "Access-Control-Allow-Origin",
          "value": "*"
        },
        {
          "key": "Access-Control-Allow-Methods",
          "value": "GET, POST, PUT, DELETE, OPTIONS"
        },
        {
          "key": "Access-Control-Allow-Headers",
          "value": "X-Requested-With, Content-Type, Authorization"
        }
      ]
    }
  ]
}
